INSERT INTO receta (id_receta, nombre, preparacion, tiempo, likes) VALUES (1, 'Pizza', 'relleno de momento', 60, 14);
INSERT INTO receta (id_receta, nombre, preparacion, tiempo, likes) VALUES (2, 'Pastafrola', 'relleno de momento', 90, 9);
INSERT INTO receta (id_receta, nombre, preparacion, tiempo, likes) VALUES (3, 'Crepes sin harina', 'relleno de momento', 15, 23);
INSERT INTO receta (id_receta, nombre, preparacion, tiempo, likes) VALUES (4, 'Sorrentino JyQ', 'relleno de momento', 50, 11);
INSERT INTO receta (id_receta, nombre, preparacion, tiempo, likes) VALUES (5, 'Risotto de pollo y verduras', 'relleno de momento', 40, 7);

INSERT INTO receta_ingredientes (id_receta, ingrediente) VALUES (1, 'Agua 150ml');
INSERT INTO receta_ingredientes (id_receta, ingrediente) VALUES (1, 'Harina 500gr');
INSERT INTO receta_ingredientes (id_receta, ingrediente) VALUES (1, 'Levadura 25gr');
INSERT INTO receta_ingredientes (id_receta, ingrediente) VALUES (1, 'Aceite a tanteo');

INSERT INTO receta_etiquetas (id_receta, etiqueta) VALUES (1, 'CONHARINAS');
INSERT INTO receta_etiquetas (id_receta, etiqueta) VALUES (1, 'SENCILLA');


INSERT INTO receta_ingredientes (id_receta, ingrediente) VALUES (2, 'Harina 400gr');
INSERT INTO receta_ingredientes (id_receta, ingrediente) VALUES (2, 'Huevos 2');
INSERT INTO receta_ingredientes (id_receta, ingrediente) VALUES (2, 'Manteca 100gr');
INSERT INTO receta_ingredientes (id_receta, ingrediente) VALUES (2, 'Azugar 125gr');
INSERT INTO receta_ingredientes (id_receta, ingrediente) VALUES (2, 'Esencia de vainilla');
INSERT INTO receta_ingredientes (id_receta, ingrediente) VALUES (2, 'Batata 400gr');

INSERT INTO receta_etiquetas (id_receta, etiqueta) VALUES (2, 'CONHARINAS');
INSERT INTO receta_etiquetas (id_receta, etiqueta) VALUES (2, 'DULCE');

INSERT INTO receta_ingredientes (id_receta, ingrediente) VALUES (3, 'Avena 3 cucharadas');
INSERT INTO receta_ingredientes (id_receta, ingrediente) VALUES (3, 'Banana 1');
INSERT INTO receta_ingredientes (id_receta, ingrediente) VALUES (3, 'Huevos 1');

INSERT INTO receta_etiquetas (id_receta, etiqueta) VALUES (3, 'SENCILLA');
INSERT INTO receta_etiquetas (id_receta, etiqueta) VALUES (3, 'DULCE');

INSERT INTO receta_ingredientes (id_receta, ingrediente) VALUES (4, 'Harina 0000 400gr');
INSERT INTO receta_ingredientes (id_receta, ingrediente) VALUES (4, 'Huevos 1');
INSERT INTO receta_ingredientes (id_receta, ingrediente) VALUES (4, 'Pizca de sal');
INSERT INTO receta_ingredientes (id_receta, ingrediente) VALUES (4, 'Cdas de Aceite 3');
INSERT INTO receta_ingredientes (id_receta, ingrediente) VALUES (4, 'Agua C/N');
INSERT INTO receta_ingredientes (id_receta, ingrediente) VALUES (4, 'Huevos duros 3');
INSERT INTO receta_ingredientes (id_receta, ingrediente) VALUES (4, 'Jamon en fetas 400gr');
INSERT INTO receta_ingredientes (id_receta, ingrediente) VALUES (4, 'Queso 300 gr');
INSERT INTO receta_ingredientes (id_receta, ingrediente) VALUES (4, 'Queso cream 3 cdas');

INSERT INTO receta_etiquetas (id_receta, etiqueta) VALUES (4, 'CONHARINAS');
INSERT INTO receta_etiquetas (id_receta, etiqueta) VALUES (4, 'SALADO');

INSERT INTO receta_ingredientes (id_receta, ingrediente) VALUES (5, 'Arroz doble carolina 200 gr');
INSERT INTO receta_ingredientes (id_receta, ingrediente) VALUES (5, 'Cebollas 3');
INSERT INTO receta_ingredientes (id_receta, ingrediente) VALUES (5, 'Zanahoria 1');
INSERT INTO receta_ingredientes (id_receta, ingrediente) VALUES (5, 'Morrón 1');
INSERT INTO receta_ingredientes (id_receta, ingrediente) VALUES (5, 'Pollo 300gr');
INSERT INTO receta_ingredientes (id_receta, ingrediente) VALUES (5, 'Agua 800 ml');
INSERT INTO receta_ingredientes (id_receta, ingrediente) VALUES (5, 'Sal y Pimienta');
INSERT INTO receta_ingredientes (id_receta, ingrediente) VALUES (5, 'Azafrán');

INSERT INTO receta_etiquetas (id_receta, etiqueta) VALUES (5, 'SENCILLA');
INSERT INTO receta_etiquetas (id_receta, etiqueta) VALUES (5, 'SALADO');
INSERT INTO receta_etiquetas (id_receta, etiqueta) VALUES (5, 'CARNES');